Date,Min Price,Max Price,Price
2021-05-17,135.0,145.0,140.0
2021-05-18,135.0,145.0,140.0
2021-05-19,134.59134102875933,144.656603198633,139.62397211369617
2021-05-20,133.580373622717,143.72816186863585,138.6542677456764
2021-05-21,131.79225926923525,142.0077481377082,136.90000370347173
2021-05-22,129.04810934117,139.2809569851006,134.1645331631353
2021-05-23,125.16903521137706,135.33338339006335,130.2512093007202
2021-05-24,120.0,130.0,125.0
2021-05-25,115.0,125.0,120.0
2021-05-26,116.43317216262989,128.05633097048275,122.24475156655632
2021-05-27,122.27398842225391,135.74010584197745,129.00704713211567
2021-05-28,128.21522833354314,141.7758047726067,134.99551655307494
2021-05-29,130.0,140.0,135.0
2021-05-30,125.0,130.0,127.5
2021-05-31,120.0,130.0,125.0
2021-06-01,120.0,135.0,127.5
2021-06-02,121.40061848781525,135.58098703637995,128.4908027620976
2021-06-03,122.83176174886158,136.29856306535706,129.5651624071093
2021-06-04,124.07477716405644,136.25451552160123,130.16464634282883
2021-06-05,125.0,135.0,130.0
2021-06-06,125.0,135.0,130.0
2021-06-07,124.96287216081697,134.53892206863662,129.7508971147268
2021-06-08,125.0,135.0,130.0
2021-06-09,125.0,135.0,130.0
2021-06-10,126.58836133456248,136.55591146710395,131.57213640083322
2021-06-11,128.63577374114053,138.3979541871287,133.51686396413461
2021-06-12,130.0,140.0,135.0
2021-06-13,130.0,140.0,135.0
2021-06-14,130.0,140.0,135.0
2021-06-15,125.0,135.0,130.0
2021-06-16,130.0,135.0,132.5
2021-06-17,128.55780063675283,135.43532981841423,131.99656522758352
2021-06-18,130.0,140.0,135.0
2021-06-19,140.0,150.0,145.0
2021-06-20,135.0,145.0,140.0
2021-06-21,135.0,145.0,140.0
2021-06-22,135.0,145.0,140.0
2021-06-23,135.0,145.0,140.0
2021-06-24,132.22790825126464,145.68704874591555,138.9574784985901
2021-06-25,130.30151180012592,145.42682647618687,137.8641691381564
2021-06-26,130.0,145.0,137.5
2021-06-27,135.0,145.0,140.0
2021-06-28,135.0,145.0,140.0
2021-06-29,135.0,145.0,140.0
2021-06-30,130.0,150.0,140.0
2021-07-01,130.0,150.0,140.0
2021-07-02,150.0,155.0,152.5
2021-07-03,130.0,150.0,140.0
2021-07-04,130.0,150.0,140.0
2021-07-05,130.0,150.0,140.0
2021-07-06,128.0,140.0,134.0
2021-07-07,125.0,145.0,135.0
2021-07-08,125.0,140.0,132.5
2021-07-09,125.0,130.0,127.5
2021-07-10,120.0,130.0,125.0
2021-07-11,120.0,130.0,125.0
2021-07-12,120.0,130.0,125.0
2021-07-13,120.0,130.0,125.0
2021-07-14,120.0,130.0,125.0
2021-07-15,120.0,130.0,125.0
2021-07-16,130.0,140.0,135.0
2021-07-17,130.0,140.0,135.0
2021-07-18,126.0,140.0,133.0
2021-07-19,120.0,135.0,127.5
2021-07-20,116.40249010800382,132.85311683157897,124.62780346979139
2021-07-21,115.4960127026229,131.96577021305174,123.73089145783732
2021-07-22,116.33429039356494,131.95396445427272,124.14412742391883
2021-07-23,118.01624481669826,132.21180705417143,125.11402593543485
2021-07-24,119.64079760789133,132.13340551167738,125.88710155978436
2021-07-25,120.0,130.0,125.0
2021-07-26,120.0,130.0,125.0
2021-07-27,110.0,125.0,117.5
2021-07-28,110.0,120.0,115.0
2021-07-29,110.0,120.0,115.0
2021-07-30,110.0,120.0,115.0
2021-07-31,110.0,120.0,115.0
2021-08-01,110.0,120.0,115.0
2021-08-02,115.0,125.0,120.0
2021-08-03,115.0,125.0,120.0
2021-08-04,114.71876705135433,126.68163845252514,120.70020275193974
2021-08-05,115.0,125.0,120.0
2021-08-06,110.0,120.0,115.0
2021-08-07,110.0,125.0,117.5
2021-08-08,110.0,120.0,115.0
2021-08-09,110.0,125.0,117.5
2021-08-10,110.0,120.0,115.0
2021-08-11,120.0,130.0,125.0
2021-08-12,123.58258667649966,138.25905193941477,130.92081930795723
2021-08-13,125.0078120236453,141.93213801515668,133.46997501940098
2021-08-14,125.0,140.0,132.5
2021-08-15,122.58169806908873,133.66845697489052,128.12507752198962
2021-08-16,120.0,130.0,125.0
2021-08-17,120.0,130.0,125.0
2021-08-18,125.0,135.0,130.0
2021-08-19,126.70323812791051,134.34146425502135,130.52235119146593
2021-08-20,129.8529387708078,134.71551653122205,132.28422765101493
2021-08-21,130.0,135.0,132.5
2021-08-22,130.0,140.0,135.0
2021-08-23,130.0,140.0,135.0
2021-08-24,130.04475333586686,141.02176107770052,135.53325720678367
2021-08-25,130.0,140.0,135.0
2021-08-26,130.49467346320083,140.15975792727872,135.32721569523977
2021-08-27,130.0,140.0,135.0
2021-08-28,128.55582105281013,138.33759522424552,133.4467081385278
2021-08-29,127.54719079923306,137.6574755387153,132.60233316897418
2021-08-30,127.0156505373334,137.4429694691599,132.22931000324664
2021-08-31,127.33861978506002,137.92780639456717,132.63321308981358
2021-09-01,130.0,140.0,135.0
2021-09-02,130.0,140.0,135.0
2021-09-03,135.0,145.0,140.0
2021-09-04,136.1137832871557,145.55186651205258,140.83282489960413
2021-09-05,135.0,145.0,140.0
2021-09-06,129.58227194514822,141.84521006503695,135.71374100509257
2021-09-07,125.0,140.0,132.5
2021-09-08,124.73787276508754,142.64028546137476,133.68907911323114
2021-09-09,127.52468397969551,145.88555649163834,136.70512023566693
2021-09-10,130.0,145.0,137.5
2021-09-11,135.0,140.0,137.5
2021-09-12,135.0,145.0,140.0
2021-09-13,136.15458409008036,149.55555341463736,142.85506875235887
2021-09-14,135.0,150.0,142.5
2021-09-15,140.0,150.0,145.0
2021-09-16,138.8422010827943,148.63415653915283,143.73817881097358
2021-09-17,140.0,150.0,145.0
2021-09-18,145.0,155.0,150.0
2021-09-19,150.0,160.0,155.0
2021-09-20,151.0862296348354,160.83194688708068,155.95908826095803
2021-09-21,150.0,160.0,155.0
2021-09-22,150.0,160.0,155.0
2021-09-23,150.0,160.0,155.0
2021-09-24,146.55272273866353,162.71230933557308,154.6325160371183
2021-09-25,145.0,160.0,152.5
2021-09-26,145.0,150.0,147.5
2021-09-27,147.01302766389168,152.25603740565396,149.6345325347728
2021-09-28,150.0,160.0,155.0
2021-09-29,153.83392654498476,165.76372228767167,159.79882441632822
2021-09-30,157.28031703060367,168.72057206222283,163.00044454641323
2021-10-01,160.0,170.0,165.0
2021-10-02,160.61340575306832,169.86412853898022,165.23876714602426
2021-10-03,160.0,170.0,165.0
2021-10-04,160.0,170.0,165.0
2021-10-05,160.0,175.0,167.5
2021-10-06,165.3950175554848,177.30623153553205,171.35062454550842
2021-10-07,170.0,180.0,175.0
2021-10-08,170.0,180.0,175.0
2021-10-09,165.0,175.0,170.0
2021-10-10,165.0,175.0,170.0
2021-10-11,165.0,175.0,170.0
2021-10-12,165.0,175.0,170.0
2021-10-13,165.16765860193004,175.03418864851184,170.10092362522096
2021-10-14,165.0,175.0,170.0
2021-10-15,169.84857561094813,177.881404953185,173.86499028206657
2021-10-16,172.03017054787153,181.94887558000443,176.98952306393798
2021-10-17,175.0,185.0,180.0
2021-10-18,173.12594206085356,183.5162004896811,178.32107127526734
2021-10-19,170.0,180.0,175.0
2021-10-20,167.45324440707822,181.37681752005682,174.41503096356752
2021-10-21,170.0,185.0,177.5
2021-10-22,180.0,185.0,182.5
2021-10-23,180.0,190.0,185.0
2021-10-24,180.0,190.0,185.0
2021-10-25,180.55953883450786,194.15683380540938,187.35818631995863
2021-10-26,180.0,195.0,187.5
2021-10-27,175.0,185.0,180.0
2021-10-28,160.0,170.0,165.0
2021-10-29,156.48803396384594,166.27182727334727,161.3799306185966
2021-10-30,160.0,170.0,165.0
2021-10-31,161.25034270669943,171.20973728039476,166.2300399935471
2021-11-01,160.0,170.0,165.0
2021-11-02,155.0,165.0,160.0
2021-11-03,155.0,165.0,160.0
2021-11-04,150.0,160.0,155.0
2021-11-05,152.08226036818294,165.3350809184187,158.70867064330082
2021-11-06,152.0,170.0,161.0
2021-11-07,148.02669978626741,163.62738482031514,155.82704230329128
2021-11-08,145.0,155.0,150.0
2021-11-09,145.0,155.0,150.0
2021-11-10,155.0,165.0,160.0
2021-11-11,151.46656410407368,165.70289248636553,158.5847282952196
2021-11-12,142.64285244746395,160.25518242949087,151.44901743847743
2021-11-13,140.0,155.0,147.5
2021-11-14,150.0,160.0,155.0
2021-11-15,150.0,160.0,155.0
2021-11-16,150.42922164693553,160.16405935784172,155.29664050238864
2021-11-17,150.0,160.0,155.0
2021-11-18,150.0,160.0,155.0
2021-11-19,145.0,165.0,155.0
2021-11-20,144.6035106149312,161.45693591991332,153.03022326742226
2021-11-21,142.7017243715605,155.61555389662303,149.15863913409174
2021-11-22,140.0,150.0,145.0
2021-11-23,139.72139380788138,148.53000076268313,144.12569728528226
2021-11-24,140.0,150.0,145.0
2021-11-25,139.06650504391905,150.7206995821019,144.8936023130105
2021-11-26,140.0,150.0,145.0
2021-11-27,140.0,155.0,147.5
2021-11-28,140.0,150.0,145.0
2021-11-29,140.2388610769208,150.0904196649232,145.164640370922
2021-11-30,140.0,150.0,145.0
2021-12-01,140.0,150.0,145.0
2021-12-02,140.0,150.0,145.0
2021-12-03,145.0,155.0,150.0
2021-12-04,145.0,150.0,147.5
2021-12-05,140.0,150.0,145.0
2021-12-06,138.93896472638468,150.73967678118834,144.83932075378652
2021-12-07,140.85540317509262,153.00853380969062,146.9319684923916
2021-12-08,144.65676519081774,155.95698851780668,150.3068768543122
2021-12-09,150.0,160.0,155.0
2021-12-10,150.0,160.0,155.0
2021-12-11,151.34729562554736,160.87084544098238,156.10907053326486
2021-12-12,150.0,160.0,155.0
2021-12-13,150.0,160.0,155.0
2021-12-14,148.77745508167015,160.26731077372156,154.52238292769584
2021-12-15,147.81697425750144,160.25882229335946,154.03789827543045
2021-12-16,147.5335453569177,160.87040458609542,154.20197497150656
2021-12-17,150.0,165.0,157.5
2021-12-18,150.0,165.0,157.5
2021-12-19,160.0,180.0,170.0
2021-12-20,160.0,180.0,170.0
2021-12-21,160.17532255244197,174.73187916347942,167.45360085796068
2021-12-22,160.0,170.0,165.0
2021-12-23,159.16574973857894,168.85464173327776,164.01019573592833
2021-12-24,160.0,170.0,165.0
2021-12-25,164.62778947753424,174.06076504217106,169.34427725985265
2021-12-26,170.0,180.0,175.0
2021-12-27,170.0,180.0,175.0
2021-12-28,169.93309387042171,178.98070297308303,174.45689842175238
2021-12-29,170.0,180.0,175.0
2021-12-30,174.07698287206475,189.13953717667252,181.60826002436863
2021-12-31,180.0,200.0,190.0
2022-01-01,183.45258346535024,203.93149885179525,193.69204115857275
2022-01-02,180.0,200.0,190.0
2022-01-03,170.0,190.0,180.0
2022-01-04,170.0,180.0,175.0
2022-01-05,171.05749616704472,176.04271470226388,173.5501054346543
2022-01-06,171.03602760687104,177.4014773300647,174.21875246846787
2022-01-07,170.0,180.0,175.0
2022-01-08,168.4248485973076,181.61920000830492,175.02202430280624
2022-01-09,166.38410331519964,181.3473600890268,173.86573170211324
2022-01-10,164.2192309597287,179.943980664687,172.08160581220784
2022-01-11,162.20471411453562,177.92413009798472,170.06442210626017
2022-01-12,160.6150353632613,175.8028767516193,168.2089560574403
2022-01-13,160.0,175.0,167.5
2022-01-14,159.67886678426595,173.14176404600252,166.41031541513422
2022-01-15,160.10580796722576,172.58401466398848,166.34491131560713
2022-01-16,160.0,170.0,165.0
2022-01-17,160.0,170.0,165.0
2022-01-18,160.0,170.0,165.0
2022-01-19,156.77144316057786,164.05403867061867,160.41274091559825
2022-01-20,153.80606445848343,160.2978267963738,157.0519456274286
2022-01-21,151.32374846654199,158.56884386391224,154.94629616522712
2022-01-22,150.0,160.0,155.0
2022-01-23,150.8322524500873,166.76663422467402,158.79944333738067
2022-01-24,150.0,170.0,160.0
2022-01-25,140.0,160.0,150.0
2022-01-26,140.0,160.0,150.0
2022-01-27,140.0,160.0,150.0
2022-01-28,140.0,160.0,150.0
2022-01-29,140.0,160.0,150.0
2022-01-30,140.0,160.0,150.0
2022-01-31,139.44354412582985,155.99541325565966,147.71947869074475
2022-02-01,139.0093965051524,152.95893752722858,145.9841670161905
2022-02-02,140.0,150.0,145.0
2022-02-03,140.0,150.0,145.0
2022-02-04,145.0,150.0,147.5
2022-02-05,145.0,150.0,147.5
2022-02-06,145.0,155.0,150.0
2022-02-07,142.20513531681428,152.69189658382345,147.44851595031886
2022-02-08,140.0,150.0,145.0
2022-02-09,138.93258367185132,150.13362818783338,144.53310592984235
2022-02-10,139.3970848162013,148.88161801344066,144.13935141482096
2022-02-11,140.0,150.0,145.0
2022-02-12,141.42816783807595,149.2873569370415,145.35776238755872
2022-02-13,142.36278191439268,151.18767347282989,146.77522769361127
2022-02-14,143.33207753334338,153.79228494652983,148.5621812399366
2022-02-15,145.0,155.0,150.0
2022-02-16,145.77968881443155,159.67173389980144,152.7257113571165
2022-02-17,147.46049218421138,162.2252419754418,154.8428670798266
2022-02-18,150.0,165.0,157.5
2022-02-19,150.0,165.0,157.5
2022-02-20,155.0,165.0,160.0
2022-02-21,153.8243627417339,164.19364031458335,159.00900152815862
2022-02-22,152.82710571170443,163.20987146387392,158.0184885877892
2022-02-23,152.5,162.5,157.5
2022-02-24,150.0,160.0,155.0
2022-02-25,150.0,160.0,155.0
2022-02-26,150.0,160.0,155.0
2022-02-27,150.0,160.0,155.0
2022-02-28,147.40784024225883,159.28977585903502,153.34880805064694
2022-03-01,145.0,160.0,152.5
2022-03-02,145.0,160.0,152.5
2022-03-03,150.0,160.0,155.0
2022-03-04,149.2010486655013,162.01085713542565,155.60595290046348
2022-03-05,150.15968000793274,163.26208397205934,156.71088198999604
2022-03-06,150.6497717419135,164.2933318739828,157.47155180794815
2022-03-07,150.0,165.0,157.5
2022-03-08,150.0,165.0,157.5
2022-03-09,150.28828185940372,163.2188421379713,156.75356199868753
2022-03-10,150.0,160.0,155.0
2022-03-11,150.0,160.0,155.0
2022-03-12,149.21835511814157,157.2462320986727,153.23229360840713
2022-03-13,149.04742143004947,155.59549277292768,152.3214571014886
2022-03-14,148.97934673206777,154.1995036555408,151.5894251938043
2022-03-15,149.00598855360133,153.04545996132026,151.0257242574608
2022-03-16,149.11920442405508,152.1205569050742,150.61988066456465
2022-03-17,149.3108518728341,151.41198970161093,150.36142078722253
2022-03-18,149.57278842934315,150.9069535657386,150.2398709975409
2022-03-19,149.89687162298728,150.59264371226539,150.24475766762635
2022-03-20,150.27495898317136,150.45625535599953,150.36560716958545
2022-03-21,150.69890803930036,150.48498371174918,150.59194587552477
2022-03-22,151.16057632077917,150.66602399432264,150.9133001575509
2022-03-23,151.65182135701275,150.98657141852797,151.31919638777038
2022-03-24,152.16450067740607,151.4338211991735,151.7991609382898
2022-03-25,152.69047181136395,151.9949685510674,152.34272018121567
2022-03-26,153.22159228829145,152.6572086890178,152.93940048865463
2022-03-27,153.74971963759344,153.407736827833,153.57872823271322
2022-03-28,154.26671138867488,154.2337481823211,154.250229785498
2022-03-29,154.76442507094063,155.12243796729047,154.94343151911556
2022-03-30,155.23471821379576,156.06100139754912,155.64785980567245
2022-03-31,155.66944834664503,157.03663368790532,156.3530410172752
2022-04-01,156.0604729988935,158.03653005316733,157.0485015260304
2022-04-02,156.3996496999461,159.04788570814333,157.72376770404472
2022-04-03,156.67883597920775,160.05789586764143,158.3683659234246
2022-04-04,156.88988936608337,161.05375574646996,158.97182255627666
2022-04-05,157.0246673899778,162.02266055943707,159.52366397470743
2022-04-06,157.07502758029614,162.9518055213509,160.01341655082354
2022-04-07,157.03282746644322,163.82838584701977,160.4306066567315
2022-04-08,156.889924577824,164.63959675125182,160.7647606645379
2022-04-09,156.6381764438434,165.37263344885523,161.0054049463493
2022-04-10,156.26944059390638,166.01469115463823,161.1420658742723
2022-04-11,155.77557455741788,166.55296508340902,161.16426982041344
2022-04-12,155.0,165.0,160.0
2022-04-13,155.0,170.0,162.5
2022-04-14,153.4617706226926,167.37494674720278,160.4183586849477
2022-04-15,152.38595913404743,167.07541045631575,159.7306847951816
2022-04-16,150.0,165.0,157.5
2022-04-17,149.78551053908794,164.33061981683585,157.0580651779619
2022-04-18,148.58565532062238,162.18432096280733,155.38498814171487
2022-04-19,147.8776638089226,160.22839252896415,154.05302816894337
2022-04-20,150.0,160.0,155.0
2022-04-21,149.2689693395956,159.14483864551312,154.20690399255437
2022-04-22,150.0,160.0,155.0
2022-04-23,156.14159275883992,165.06723626057016,160.60441450970504
2022-04-24,160.0,170.0,165.0
2022-04-25,160.334425952021,170.5194500075015,165.42693797976125
2022-04-26,160.0,170.0,165.0
2022-04-27,158.98728989528044,170.85495798909943,164.92112394218992
2022-04-28,158.58037039084704,170.86924084364242,164.72480561724473
2022-04-29,158.4010339168813,170.8550843884227,164.62805915265199
2022-04-30,158.4102009386447,170.81109828696108,164.6106496128029
2022-05-01,158.5687919213986,170.73589220277805,164.65234206208834
2022-05-02,158.83772733040453,170.62807579939428,164.7329015648994
2022-05-03,159.17792763092385,170.48625874033033,164.8320931856271
2022-05-04,159.55031328821798,170.30905068910687,164.92968198866242
2022-05-05,159.91580476754834,170.09506130924444,165.0054330383964
2022-05-06,160.0,170.0,165.0
2022-05-07,160.46978705336346,169.55117721768517,165.0104821355243
2022-05-08,160.5801187903711,169.21850183302956,164.89931031170033
2022-05-09,160.5272382104607,168.84348377381744,164.68536099213907
2022-05-10,160.27206577889362,168.42473270356942,164.3483992412315
2022-05-11,159.77552196093134,167.96085828580613,163.86819012336872
2022-05-12,158.99852722183527,167.45047018404804,163.22449870294167
2022-05-13,157.90200202686682,166.8921780618159,162.39709004434138
2022-05-14,156.44686684128743,166.28459158263036,161.3657292119589
2022-05-15,154.59404213035856,165.62632041001186,160.1101812701852
2022-05-16,152.3044483593415,164.91597420748116,158.61021128341133
2022-05-17,150.0,165.0,157.5
2022-05-18,146.36460316682144,163.33349536676528,154.84904926679337
2022-05-19,143.27199868823635,162.45858205562138,152.86529037192886
2022-05-20,140.0,160.0,150.0
2022-05-21,139.56377998839758,160.56179896304118,150.0627894757194
2022-05-22,140.0,160.0,150.0
2022-05-23,139.4607049735796,159.10692251721633,149.28381374539796
2022-05-24,139.98149359024904,158.941614728156,149.46155415920254
2022-05-25,140.0,160.0,150.0
2022-05-26,140.55550262807554,160.34965324157238,150.45257793482398
2022-05-27,140.31925620441365,161.05466537083402,150.68696078762383
2022-05-28,140.0,160.0,150.0
2022-05-29,138.96514769151435,157.89714371695726,148.4311457042358
2022-05-30,137.93862732815322,154.29180093063724,146.1152141293952
2022-05-31,136.74002404410194,150.92414975474563,143.83208689942379
2022-06-01,135.0,150.0,142.5
2022-06-02,135.0,150.0,142.5
2022-06-03,135.0,150.0,142.5
2022-06-04,139.64673910586777,155.3928792783882,147.51980919212798
2022-06-05,145.0,160.0,152.5
2022-06-06,148.66577044314957,160.81190503297447,154.73883773806202
2022-06-07,150.64795369078666,162.14041404885592,156.3941838698213
2022-06-08,151.3318738337843,162.7168873623878,157.02438059808605
2022-06-09,151.15850258109887,162.71585528115438,156.93717893112662
2022-06-10,150.56881164168678,162.31184811273997,156.44032987721337
2022-06-11,150.0,160.0,155.0
2022-06-12,149.80049189035893,160.96626483400456,155.38337836218176
2022-06-13,149.88061260745658,160.213159874646,155.0468862410513
2022-06-14,150.06191269585477,159.43402213003125,154.747967412943
2022-06-15,150.16216997561062,158.6427924435383,154.40248120957446
2022-06-16,150.0,160.0,155.0
2022-06-17,149.43186662244855,157.07772302152748,153.254794821988
2022-06-18,148.48405702779203,156.31917939134792,152.40161820956996
2022-06-19,147.22070670101633,155.57913602996695,151.39992136549165
2022-06-20,145.7067888603258,154.8589481993448,150.2828685298353
2022-06-21,144.00727672392486,154.159971161442,149.08362394268343
2022-06-22,142.18714351001793,153.48356017821862,147.8353518441183
2022-06-23,140.31136243680942,152.83107051163506,146.57121647422224
2022-06-24,138.4449067225038,152.20385742365158,145.3243820730777
2022-06-25,136.65274958530543,151.60327617622855,144.128012880767
2022-06-26,135.0,150.0,142.5
2022-06-27,133.5391287255611,150.48743025090485,142.01327948823297
2022-06-28,132.2750403025019,149.9748760969248,141.12495819971335
2022-06-29,131.20000105552342,149.4943748313463,140.34718794343485
2022-06-30,130.30641306590795,149.04728171612973,139.67684739101884
2022-07-01,129.5866784149378,148.63495201323536,139.11081521408659
2022-07-02,129.03319918389525,148.25874098462347,138.64597008425937
2022-07-03,128.63837745406266,147.92000389225436,138.2791906731585
2022-07-04,128.39461530672236,147.62009599808835,138.00735565240535
2022-07-05,128.29431482315655,147.36037256408574,137.82734369362115
2022-07-06,128.3298780846477,147.1421888522068,137.73603346842725
2022-07-07,128.49370717247794,146.9669001244119,137.73030364844493
2022-07-08,128.77820416792963,146.83586164266123,137.80703290529544
2022-07-09,129.17577115228517,146.75042866891516,137.96309991060016
2022-07-10,129.6788102068268,146.711956465134,138.1953833359804
2022-07-11,130.27972341283677,146.72180029327794,138.50076185305736
2022-07-12,130.9709128515975,146.7813154153074,138.87611413345246
2022-07-13,131.74478060439122,146.89185709318267,139.31831884878693
2022-07-14,132.59372875250025,147.054780588864,139.82425467068214
2022-07-15,133.5101593772069,147.27144116431168,140.39080027075929
2022-07-16,134.4864745597935,147.5431940814861,141.0148343206398
2022-07-17,135.5150763815423,147.87139460234744,141.69323549194485
2022-07-18,136.5883669237357,148.25739798885604,142.42288245629587
2022-07-19,137.6987482676559,148.70255950297226,143.20065388531407
2022-07-20,138.8386224945853,149.20823440665632,144.02342845062083
2022-07-21,140.0,150.0,145.0
2022-07-22,141.17742618155313,150.40582307224676,145.79162462689993
2022-07-23,142.3669693578704,151.09611320813843,146.73154128300442
2022-07-24,143.56723284975453,151.84366948156864,147.7054511656616
2022-07-25,144.776428292202,152.64551300456247,148.71097064838224
2022-07-26,145.99276732020937,153.49866488914492,149.74571610467714
2022-07-27,147.2144615687731,154.40014624734104,150.80730390805707
2022-07-28,148.43972267288976,155.3469781911759,151.89335043203283
2022-07-29,149.66676226755587,156.33618183267447,153.00147205011518
2022-07-30,150.89379198776797,157.36477828386188,154.12928513581494
2022-07-31,152.11902346852253,158.42978865676315,155.27440606264284
2022-08-01,153.34066834481615,159.52823406340326,156.4344512041097
2022-08-02,154.5569382516453,160.65713561580728,157.6070369337263
2022-08-03,155.76604482400654,161.81351442600027,158.7897796250034
2022-08-04,156.96619969689638,162.99439160600727,159.98029565145183
2022-08-05,158.15561450531132,164.19678826785332,161.1762013865823
2022-08-06,159.33250088424793,165.41772552356346,162.3751132039057
2022-08-07,160.49507046870272,166.6542244851627,163.5746474769327
2022-08-08,161.64153489367217,167.90330626467616,164.77242057917417
2022-08-09,162.77010579415284,169.1619919741288,165.96604888414083
2022-08-10,163.87899480514133,170.42730272554567,167.1531487653435
2022-08-11,164.96641356163406,171.69625963095186,168.33133659629294
2022-08-12,166.03057369862756,172.96588380237233,169.49822875049995
2022-08-13,167.0696868511184,174.23319635183222,170.6514416014753
2022-08-14,168.08196465410313,175.49521839135653,171.78859152272983
2022-08-15,169.0656187425782,176.74897103297027,172.90729488777424
2022-08-16,170.01886075154016,177.99147538869852,174.00516807011934
2022-08-17,170.93990231598556,179.21975257056633,175.07982744327595
2022-08-18,171.82695507091086,180.43082369059866,176.12888938075474
2022-08-19,172.67823065131265,181.62170986082063,177.14997025606664
2022-08-20,173.49194069218748,182.78943219325728,178.14068644272237
2022-08-21,174.26629682853184,183.93101179993363,179.09865431423273
2022-08-22,175.0,185.0,180.0
2022-08-23,175.69020179892252,186.12436392338375,180.90728286115313
2022-08-24,176.3386211308059,187.17339849987636,181.75600981534114
2022-08-25,176.945427553833,188.19081447004655,182.56812101193978
2022-08-26,177.51127993084427,189.1768527815881,183.3440663562162
2022-08-27,178.0368371246803,190.13175438219494,184.08429575343763
2022-08-28,178.52275799818153,191.05576021956082,184.7892591088712
2022-08-29,178.96970141418868,191.9491112413796,185.45940632778414
2022-08-30,179.37832623554215,192.81204839534533,186.09518731544375
2022-08-31,179.74929132508248,193.6448126291518,186.69705197711716
2022-09-01,180.0832555456504,194.4476448904927,187.26545021807155
2022-09-02,180.38087776008618,195.22078612706218,187.80083194357417
2022-09-03,180.64281683123056,195.96447728655386,188.3036470588922
2022-09-04,180.86973162192396,196.67895931666175,188.77434546929285
2022-09-05,181.062280995007,197.36447316507963,189.2133770800433
2022-09-06,181.22112381332022,198.0212597795014,189.6211917964108
2022-09-07,181.34691893970415,198.649560107621,189.99823952366256
2022-09-08,181.44032523699929,199.2496150971322,190.34497016706575
2022-09-09,181.5020015680462,199.82166569572883,190.66183363188753
2022-09-10,181.53260679568544,200.36595285110477,190.9492798233951
2022-09-11,181.53279978275756,200.88271751095405,191.2077586468558
2022-09-12,181.50323939210315,201.37220062297035,191.43772000753677
2022-09-13,181.44458448656258,201.83464313484757,191.63961381070507
2022-09-14,181.35749392897654,202.27028599427967,191.8138899616281
2022-09-15,181.24262658218552,202.67937014896037,191.96099836557295
2022-09-16,181.10064130903012,203.0621365465837,192.08138892780693
2022-09-17,180.9321969723508,203.41882613484336,192.17551155359706
2022-09-18,180.7379524349882,203.7496798614333,192.24381614821073
2022-09-19,180.51856655978273,204.05493867404738,192.28675261691507
2022-09-20,180.274698209575,204.33484352037945,192.30477086497723
2022-09-21,180.00700624720557,204.58963534812344,192.2983207976645
2022-09-22,179.71614953551503,204.81955510497315,192.2678523202441
2022-09-23,179.4027869373438,205.0248437386224,192.21381533798308
2022-09-24,179.06757731553245,205.20574219676516,192.1366597561488
2022-09-25,178.7111795329216,205.36249142709522,192.0368354800084
2022-09-26,178.33425245235168,205.49533237730645,191.91479241482907
2022-09-27,177.93745493666336,205.6045059950928,191.7709804658781
2022-09-28,177.52144584869708,205.690253228148,191.60584953842255
2022-09-29,177.0868840512934,205.75281502416595,191.41984953772968
2022-09-30,176.6344284072929,205.79243233084065,191.21343036906677
2022-10-01,176.1647377795361,205.8093460958658,190.98704193770095
2022-10-02,175.67847103086353,205.80379726693536,190.74113414889945
2022-10-03,175.1762870241158,205.77602679174322,190.47615690792952
2022-10-04,174.65884462213336,205.7262756179831,190.19256012005823
2022-10-05,174.12680268775676,205.65478469334894,189.89079369055287
2022-10-06,173.5808200838266,205.5617949655347,189.57130752468066
2022-10-07,173.02155567318337,205.44754738223406,189.23455152770873
2022-10-08,172.44966831866768,205.31228289114108,188.8809756049044
2022-10-09,171.86581688311998,205.1562424399495,188.51102966153474
2022-10-10,171.27066022938084,204.97966697635317,188.12516360286702
2022-10-11,170.66485722029086,204.78279744804607,187.72382733416845
2022-10-12,170.04906671869048,204.56587480272196,187.30747076070622
2022-10-13,169.4239475874204,204.3291399880748,186.8765437877476
2022-10-14,168.790158689321,204.07283395179834,186.4314963205597
2022-10-15,168.1483588872329,203.7971976415865,185.9727782644097
2022-10-16,167.4992070439966,203.50247200513311,185.50083952456487
2022-10-17,166.84336202245268,203.18889799013215,185.01613000629243
2022-10-18,166.18148268544164,202.85671654427736,184.5190996148595
2022-10-19,165.51422789580408,202.50616861526268,184.0101982555334
2022-10-20,164.84225651638056,202.13749515078197,183.48987583358127
2022-10-21,164.16622741001154,201.75093709852902,182.95858225427028
2022-10-22,163.4867994395376,201.34673540619775,182.41676742286768
2022-10-23,162.80463146779923,200.9251310214821,181.86488124464066
2022-10-24,162.12038235763706,200.48636489207576,181.30337362485642
2022-10-25,161.4347109718916,200.0306779656727,180.73269446878214
2022-10-26,160.74827617340333,199.5583111899668,180.15329368168506
2022-10-27,160.0617368250129,199.06950551265186,179.56562116883237
2022-10-28,159.3757517895608,198.56450188142182,178.97012683549133
2022-10-29,158.69097992988753,198.0435412439705,178.36726058692904
2022-10-30,158.0080801088337,197.5068645479918,177.75747232841275
2022-10-31,157.32771118923978,196.95471274117952,177.14121196520966
2022-11-01,156.6505320339464,196.3873267712276,176.518929402587
2022-11-02,155.97720150579408,195.8049475858299,175.891074545812
2022-11-03,155.30837846762324,195.20781613268016,175.2580973001517
2022-11-04,154.64472178227462,194.59617335947246,174.62044757087352
2022-11-05,153.98689031258863,193.97026021390042,173.97857526324452
2022-11-06,153.3355429214058,193.33031764365808,173.33293028253195
2022-11-07,152.69133847156675,192.67658659643925,172.683962534003
2022-11-08,152.05493582591194,192.0093080199378,172.0321219229249
2022-11-09,151.42699384728203,191.3287228618476,171.3778583545648
2022-11-10,150.80817139851746,190.63507206986253,170.72162173419
2022-11-11,150.19912734245878,189.9285965916764,170.0638619670676
2022-11-12,149.60052054194654,189.20953737498309,169.4050289584648
2022-11-13,149.01300985982135,188.4781353674765,168.74557261364893
2022-11-14,148.43725415892365,187.73463151685053,168.0859428378871
2022-11-15,147.87391230209403,186.97926677079892,167.42658953644647
2022-11-16,147.32364315217305,186.21228207701563,166.76796261459435
2022-11-17,146.78710557200125,185.43391838319454,166.1105119775979
2022-11-18,146.26495842441912,184.64441663702942,165.45468753072427
2022-11-19,145.7578605722672,183.8440177862142,164.8009391792407
2022-11-20,145.26647087838614,183.03296277844277,164.14971682841445
2022-11-21,144.79144820561635,182.21149256140893,163.50147038351264
2022-11-22,144.33345141679843,181.37984808280663,162.85664974980253
2022-11-23,143.893139374773,180.53827029032962,162.2157048325513
2022-11-24,143.47117094238047,179.68700013167185,161.57908553702617
2022-11-25,143.0682049824614,178.82627855452716,160.94724176849428
2022-11-26,142.6849003578564,177.95634650658945,160.32062343222293
2022-11-27,142.32191593140595,177.07744493555248,159.69968043347922
2022-11-28,141.97991056595066,176.18981478911024,159.08486267753045
2022-11-29,141.659543124331,175.29369701495654,158.4766200696438
2022-11-30,141.3614724693876,174.3893325607852,157.8754025150864
2022-12-01,141.0863574639609,173.47696237429017,157.28165991912553
2022-12-02,140.83485697089145,172.55682740316527,156.69584218702835
2022-12-03,140.6076298530199,171.62916859510435,156.1183992240621
2022-12-04,140.40533497318665,170.6942268978013,155.54978093549397
2022-12-05,140.22863119423238,169.75224325895005,154.9904372265912
2022-12-06,140.0781773789975,168.80345862624426,154.4408180026209
2022-12-07,139.95463239032264,167.848113947378,153.90137316885034
2022-12-08,139.85865509104835,166.8864501700451,153.37255263054672
2022-12-09,139.79090434401508,165.91870824193936,152.85480629297723
2022-12-10,139.75203901206348,164.9451291107547,152.3485840614091
2022-12-11,139.742717958034,163.96595372418489,151.85433584110945
2022-12-12,139.7636000447673,162.98142302992392,151.3725115373456
2022-12-13,139.81534413510374,161.99177797566557,150.90356105538467
2022-12-14,139.89860909188405,160.99725950910374,150.4479343004939
2022-12-15,140.0,160.0,150.0
2022-12-16,140.16175894246234,158.996025575106,149.57889225878415
2022-12-17,140.3394928798869,157.9985486746231,149.169020777255
2022-12-18,140.54444577100827,157.01467549574275,148.77956063337552
2022-12-19,140.7738077966124,156.05340365772412,148.41360572716826
2022-12-20,141.02476913748532,155.12373077982647,148.0742499586559
2022-12-21,141.29451997441294,154.23465448130884,147.7645872278609
2022-12-22,141.58025048818124,153.39517238143048,147.48771143480587
2022-12-23,141.8791508595762,152.6142820994505,147.24671647951334
2022-12-24,142.18841126938378,151.90098125462805,147.0446962620059
2022-12-25,142.50522189838998,151.2642674662224,146.88474468230618
2022-12-26,142.82677292738074,150.7131383534926,146.76995564043668
2022-12-27,143.15025453714202,150.2565915356979,146.70342303641996
2022-12-28,143.47285690845985,149.90362463209743,146.68824077027864
2022-12-29,143.7917702221201,149.66323526195032,146.7275027420352
2022-12-30,144.10418465890885,149.54442104451576,146.8243028517123
2022-12-31,144.40729039961198,149.55617959905297,146.98173499933247
2023-01-01,145.0,150.0,147.5
2023-01-02,145.0,150.0,147.5
2023-01-03,145.0,150.0,147.5
2023-01-04,145.3769429679691,151.37725267610057,148.37709782203484
2023-01-05,145.46324605763363,152.5719976718999,149.01762186476677
2023-01-06,145.0,155.0,150.0
2023-01-07,145.0,155.0,150.0
2023-01-08,145.0,160.0,152.5
2023-01-09,145.0,160.0,152.5
2023-01-10,145.0,160.0,152.5
2023-01-11,145.0,160.0,152.5
2023-01-12,145.0,150.0,147.5
2023-01-13,150.0,160.0,155.0
2023-01-14,145.0,155.0,150.0
2023-01-15,140.0,150.0,145.0
2023-01-16,140.0,150.0,145.0
2023-01-17,140.0,155.0,147.5
2023-01-18,140.0,155.0,147.5
2023-01-19,140.0,150.0,145.0
2023-01-20,145.0,155.0,150.0
2023-01-21,145.0,155.0,150.0
2023-01-22,140.0,150.0,145.0
2023-01-23,140.0,150.0,145.0
2023-01-24,145.0,150.0,147.5
2023-01-25,145.0,150.0,147.5
2023-01-26,145.0,150.0,147.5
2023-01-27,150.0,160.0,155.0
2023-01-28,150.0,160.0,155.0
2023-01-29,150.0,160.0,155.0
2023-01-30,150.0,160.0,155.0
2023-01-31,145.0,160.0,152.5
2023-02-01,160.0,170.0,165.0
2023-02-02,170.0,185.0,177.5
2023-02-03,170.0,185.0,177.5
2023-02-04,170.0,185.0,177.5
2023-02-05,174.35701111490405,193.24990053474954,183.8034558248268
2023-02-06,180.0,200.0,190.0
2023-02-07,180.0,200.0,190.0
2023-02-08,180.0,200.0,190.0
2023-02-09,180.0,200.0,190.0
2023-02-10,179.50477484008184,199.8475437472237,189.67615929365277
2023-02-11,180.47745332377343,200.1787458626005,190.32809959318695
2023-02-12,180.0,200.0,190.0
2023-02-13,180.0,200.0,190.0
2023-02-14,180.0,190.0,185.0
2023-02-15,210.0,220.0,215.0
2023-02-16,210.0,220.0,215.0
2023-02-17,210.0,220.0,215.0
2023-02-18,210.0,230.0,220.0
2023-02-19,220.0,230.0,225.0
2023-02-20,210.0,230.0,220.0
2023-02-21,207.29665892668805,230.75943845959685,219.02804869314247
2023-02-22,210.0,230.0,220.0
2023-02-23,210.0,230.0,220.0
2023-02-24,205.0,220.0,212.5
2023-02-25,210.0,220.0,215.0
2023-02-26,200.0,220.0,210.0
2023-02-27,200.0,220.0,210.0
2023-02-28,200.0,230.0,215.0
2023-03-01,200.02723003327358,231.31798272984454,215.67260638155906
2023-03-02,200.0,230.0,215.0
2023-03-03,210.0,230.0,220.0
2023-03-04,220.0,230.0,225.0
2023-03-05,230.0,250.0,240.0
2023-03-06,230.90052658414626,254.3817826724521,242.64115462829918
2023-03-07,230.0,250.0,240.0
2023-03-08,230.19657215166487,248.99358752712888,239.59507983939687
2023-03-09,230.0,250.0,240.0
2023-03-10,230.0,250.0,240.0
2023-03-11,240.0,250.0,245.0
2023-03-12,238.54687154789156,247.960606527817,243.25373903785427
2023-03-13,235.0,247.5,241.25
2023-03-14,240.0,250.0,245.0
2023-03-15,240.0,250.0,245.0
2023-03-16,240.0,250.0,245.0
2023-03-17,240.79562139819674,247.6129733434151,244.20429737080593
2023-03-18,240.0,250.0,245.0
2023-03-19,240.0,260.0,250.0
2023-03-20,240.0,260.0,250.0
2023-03-21,250.0,270.0,260.0
2023-03-22,250.0,270.0,260.0
2023-03-23,250.0,270.0,260.0
2023-03-24,235.87903411312232,260.6920609604577,248.28554753679
2023-03-25,220.0,250.0,235.0
2023-03-26,213.73892253600954,239.53651973910561,226.63772113755758
2023-03-27,200.0,220.0,210.0
2023-03-28,170.0,190.0,180.0
2023-03-29,170.0,190.0,180.0
2023-03-30,170.0,190.0,180.0
2023-03-31,170.0,190.0,180.0
2023-04-01,200.0,210.0,205.0
2023-04-02,190.0,210.0,200.0
2023-04-03,186.37004961366017,209.72923754634826,198.04964358000421
2023-04-04,190.0,210.0,200.0
2023-04-05,190.0,210.0,200.0
2023-04-06,190.0,210.0,200.0
2023-04-07,190.0,210.0,200.0
2023-04-08,190.0,215.0,202.5
2023-04-09,190.0,210.0,200.0
2023-04-10,190.0,210.0,200.0
2023-04-11,190.0,210.0,200.0
2023-04-12,190.0,210.0,200.0
2023-04-13,200.0,230.0,215.0
2023-04-14,201.86044761701012,237.79388753996088,219.8271675784855
2023-04-15,200.0,230.0,215.0
2023-04-16,200.0,215.0,207.5
2023-04-17,200.0,220.0,210.0
2023-04-18,200.0,215.0,207.5
2023-04-19,198.05070550786178,215.09646621560805,206.5735858617349
2023-04-20,198.77832174682894,220.71819602142875,209.74825888412886
2023-04-21,201.0766815006874,230.1320634869393,215.60437249381334
2023-04-22,205.39352375585463,241.14109414928927,223.26730895257197
2023-04-23,212.17658749874823,251.54831354562842,231.86245052218834
2023-04-24,220.0,260.0,240.0
2023-04-25,235.0,260.0,247.5
2023-04-26,240.0,260.0,250.0
2023-04-27,230.0,250.0,240.0
2023-04-28,230.0,250.0,240.0
2023-04-29,230.0,250.0,240.0
2023-04-30,230.0,240.0,235.0
2023-05-01,232.56770695408412,237.39611810213927,234.9819125281117
2023-05-02,230.0,240.0,235.0
2023-05-03,220.0,240.0,230.0
2023-05-04,217.8484510515651,241.58021613451817,229.71433359304163
2023-05-05,220.0,240.0,230.0
2023-05-06,220.0,240.0,230.0
2023-05-07,200.0,230.0,215.0
2023-05-08,190.0,220.0,205.0
2023-05-09,180.0,200.0,190.0
2023-05-10,180.0,200.0,190.0
2023-05-11,185.0,215.0,200.0
2023-05-12,200.0,220.0,210.0
2023-05-13,190.0,200.0,195.0
2023-05-14,190.0,200.0,195.0
2023-05-15,190.0,210.0,200.0
2023-05-16,190.0,210.0,200.0
2023-05-17,190.0,210.0,200.0
2023-05-18,190.0,210.0,200.0
2023-05-19,190.0,220.0,205.0
2023-05-20,190.152638629852,216.58887690476755,203.37075776730978
2023-05-21,190.0,210.0,200.0
2023-05-22,190.0,210.0,200.0
2023-05-23,190.0,210.0,200.0
2023-05-24,190.0,210.0,200.0
2023-05-25,190.0,210.0,200.0
2023-05-26,190.0,210.0,200.0
2023-05-27,190.0,210.0,200.0
2023-05-28,190.0,200.0,195.0
2023-05-29,190.0,200.0,195.0
2023-05-30,190.0,200.0,195.0
2023-05-31,190.0,200.0,195.0
2023-06-01,187.70874432095613,199.90486617566336,193.80680524830973
2023-06-02,185.0,200.0,192.5
2023-06-03,184.41713702661136,200.09867622490032,192.25790662575582
2023-06-04,185.0,200.0,192.5
2023-06-05,185.0,200.0,192.5
2023-06-06,185.0,200.0,192.5
2023-06-07,190.0,200.0,195.0
2023-06-08,186.85922941763206,199.57923554431403,193.21923248097306
2023-06-09,183.39853740594899,199.52968922841148,191.46411331718025
2023-06-10,180.0,200.0,190.0
2023-06-11,180.0,200.0,190.0
2023-06-12,180.00373179712687,200.93138293259804,190.46755736486244
2023-06-13,180.0,200.0,190.0
2023-06-14,180.0,200.0,190.0
2023-06-15,177.17364377512408,194.6312145481854,185.90242916165474
2023-06-16,175.0,190.0,182.5
2023-06-17,175.63640635415334,188.55969623173422,182.09805129294378
2023-06-18,177.71769175619247,188.73800236459763,183.22784706039505
2023-06-19,180.0,190.0,185.0
2023-06-20,180.0,190.0,185.0
2023-06-21,178.02943314451966,189.5718359921075,183.80063456831357
2023-06-22,175.43809321018034,189.05670192545102,182.24739756781568
2023-06-23,175.0,190.0,182.5
2023-06-24,175.0,190.0,182.5
2023-06-25,160.0,170.0,165.0
2023-06-26,160.0,170.0,165.0
2023-06-27,162.51804238111058,172.73155000110364,167.62479619110712
2023-06-28,164.52866130078468,174.99096229988504,169.75981180033486
2023-06-29,166.03873448397474,176.60784728825212,171.32329088611343
2023-06-30,167.2917142450098,177.82708721875474,172.55940073188228
2023-07-01,168.53105289821923,178.89356434394296,173.7123086210811
2023-07-02,170.0,180.0,175.0
2023-07-03,171.37821258094917,181.0803804742209,176.22929652758503
2023-07-04,170.0,180.0,175.0
2023-07-05,164.57060921500127,175.13889594077182,169.85475257788653
2023-07-06,160.0,170.0,165.0
2023-07-07,160.0,170.0,165.0
2023-07-08,160.0,170.0,165.0
2023-07-09,160.88284395283983,171.28369935356247,166.08327165320117
2023-07-10,160.0,170.0,165.0
2023-07-11,154.50213083727607,165.19483630825002,159.84848357276303
2023-07-12,150.0,160.0,155.0
2023-07-13,150.0,160.0,155.0
2023-07-14,149.2169200765994,158.99692858126926,154.10692432893433
2023-07-15,148.95454948416767,159.46157071841088,154.20806010128928
2023-07-16,150.0,160.0,155.0
2023-07-17,149.41397372431985,161.74368770572875,155.5788307150243
2023-07-18,149.91471901572368,163.30797758439004,156.61134830005687
2023-07-19,150.44878672722604,164.9856317387097,157.7172092329679
2023-07-20,150.90565208823668,166.6500576829302,158.77785488558345
2023-07-21,151.17479032816573,168.1746629312942,159.67472662972995
2023-07-22,150.0,170.0,160.0
2023-07-23,150.0,170.0,160.0
2023-07-24,149.7505946155626,170.64362964367228,160.19711212961744
2023-07-25,150.0,170.0,160.0
2023-07-26,146.0296005297739,169.3794363799495,157.7045184548617
2023-07-27,144.20510538269517,168.175237775629,156.1901715791621
2023-07-28,143.7399231864725,167.26260682948336,155.50126500797793
2023-07-29,145.68388590354982,167.173718932922,156.4288024182359
2023-07-30,150.0,170.0,160.0
2023-07-31,160.0,170.0,165.0
2023-08-01,165.74759256661628,176.7124587135097,171.230025640063
2023-08-02,169.50602917956553,182.02863574009152,175.76733245982854
2023-08-03,171.85754404904668,185.32372787738365,178.59063596321516
2023-08-04,175.0,185.0,180.0
2023-08-05,175.0,180.0,177.5
2023-08-06,178.66493459019875,183.93735114272923,181.30114286646398
2023-08-07,180.0,190.0,185.0
2023-08-08,178.2191528335329,190.86041498332168,184.5397839084273
2023-08-09,175.79105873022257,187.48722699297142,181.639142861597
2023-08-10,173.57004784957257,182.66263360367302,178.1163407266228
2023-08-11,172.9171585091533,179.23615955773792,176.0766590334456
2023-08-12,175.0,180.0,177.5
2023-08-13,180.0,185.0,182.5
2023-08-14,180.71324609653433,184.78926311879366,182.751254607664
2023-08-15,177.93202525248495,180.4031775239697,179.16760138822733
2023-08-16,173.68873183170416,175.81295441829903,174.7508431250016
2023-08-17,170.0,175.0,172.5
2023-08-18,168.8429045278568,179.48909247031813,174.16599849908746
2023-08-19,170.0,180.0,175.0
2023-08-20,165.0,170.0,167.5
2023-08-21,165.826413931365,162.88032962177385,164.35337177656942
2023-08-22,164.98755596043978,160.82248975327485,162.90502285685733
2023-08-23,164.44876941206414,162.45655254643847,163.4526609792513
2023-08-24,164.1641780558811,166.3289724852848,165.24657527058295
2023-08-25,164.08790566153374,170.98620405383406,167.5370548576839
2023-08-26,165.0,175.0,170.0
2023-08-27,164.37681283691785,177.1699540540667,170.77338344549227
2023-08-28,164.65023994593528,177.76358568145892,171.2069128136971
2023-08-29,164.94848109536034,177.27625532997186,171.1123682126661
2023-08-30,165.22566005483603,176.22862171129418,170.7271408830651
2023-08-31,165.0,175.0,170.0
2023-09-01,165.53332648251111,174.4447295334585,169.9890280079848
2023-09-02,165.47206148999652,174.20768848369678,169.83987498684667
2023-09-03,165.0,175.0,170.0
2023-09-04,165.0,175.0,170.0
2023-09-05,165.0,175.0,170.0
2023-09-06,166.38532400266092,177.28519260878915,171.83525830572503
2023-09-07,170.0,180.0,175.0
2023-09-08,175.0,180.0,177.5
2023-09-09,178.0406719634452,182.51688494807428,180.27877845575972
2023-09-10,175.0,180.0,177.5
2023-09-11,165.0,170.0,167.5
2023-09-12,157.88825974739981,163.37952914201506,160.63389444470744
2023-09-13,154.7565333941507,160.8890216595489,157.8227775268498
2023-09-14,154.83770244037837,161.76485616290353,158.30127930164093
2023-09-15,157.21895402422842,165.00497746937947,161.11196574680395
2023-09-16,160.98747528384632,169.60733039627738,165.29740284006186
2023-09-17,165.23045335737783,174.56985976089788,169.90015655913786
2023-09-18,170.0,180.0,175.0
2023-09-19,170.0,180.0,175.0
2023-09-20,173.30747088418892,183.46327487892705,178.385372881558
2023-09-21,175.0,185.0,180.0
2023-09-22,175.0,185.0,180.0
2023-09-23,174.94569413074112,184.87364323994694,179.90966868534403
2023-09-24,175.14204425120147,185.0584268323196,180.10023554176053
2023-09-25,175.0,185.0,180.0
2023-09-26,175.0,185.0,180.0
2023-09-27,175.27388836696352,185.3254999517017,180.2996941593326
2023-09-28,175.21269206422465,185.32915807355025,180.27092506888744
2023-09-29,175.12255246109612,185.29532955374253,180.20894100741933
2023-09-30,175.01764687974202,185.22713228266866,180.12238958120534
2023-10-01,174.9121526423263,185.12768415071847,180.01991839652237
2023-10-02,174.8202470710131,185.00010304828191,179.91017505964751
2023-10-03,175.0,185.0,180.0
2023-10-04,175.0,185.0,180.0
2023-10-05,175.0,185.0,180.0
2023-10-06,178.88932194296575,189.8099916471268,184.34965679504626
2023-10-07,182.98618873413997,194.6593632613556,188.82277599774778
2023-10-08,185.0,195.0,190.0
2023-10-09,180.0,190.0,185.0
2023-10-10,180.0,190.0,185.0
2023-10-11,180.0,200.0,190.0
2023-10-12,179.59972467589134,201.465819577249,190.53277212657017
2023-10-13,180.0,200.0,190.0
2023-10-14,182.73679627813792,198.0656227889644,190.40120953355114
2023-10-15,184.2489947863386,194.1807961498431,189.21489546809084
2023-10-16,185.0,190.0,187.5
2023-10-17,185.0,190.0,187.5
2023-10-18,184.12863357950386,188.76756447914883,186.44809902932633
2023-10-19,185.0,190.0,187.5
2023-10-20,180.0,190.0,185.0
2023-10-21,180.0,190.0,185.0
2023-10-22,180.00445327300844,190.7016593666514,185.35305631982993
2023-10-23,180.0,190.0,185.0
2023-10-24,179.47374455885188,190.3868720974697,184.93030832816078
2023-10-25,180.0,190.0,185.0
2023-10-26,180.0,190.0,185.0
2023-10-27,180.0,190.0,185.0
2023-10-28,180.0,190.0,185.0
2023-10-29,183.82277888635775,195.88681468327601,189.85479678481687
2023-10-30,190.0,200.0,195.0
2023-10-31,190.0,200.0,195.0
2023-11-01,180.0,190.0,185.0
2023-11-02,172.0778727442725,186.5290505193631,179.3034616318178
2023-11-03,170.0,185.0,177.5
2023-11-04,170.90675681051212,183.78103927406065,177.34389804228638
2023-11-05,172.4496241208609,184.37335771612314,178.411490918492
2023-11-06,173.88621352286026,184.994548525617,179.44038102423863
2023-11-07,175.0,185.0,180.0
2023-11-08,172.68048086479763,182.78666120376806,177.73357103428285
2023-11-09,170.0,180.0,175.0
2023-11-10,165.0,175.0,170.0
2023-11-11,165.0,175.0,170.0
2023-11-12,165.0,175.0,170.0
2023-11-13,165.0,175.0,170.0
2023-11-14,164.94320496994956,175.0590939717694,170.0011494708595
2023-11-15,165.0,175.0,170.0
2023-11-16,165.0,175.0,170.0
2023-11-17,165.0,175.0,170.0
2023-11-18,165.0,175.0,170.0
2023-11-19,160.0,175.0,167.5
2023-11-20,160.0,170.0,165.0
2023-11-21,160.0,170.0,165.0
2023-11-22,160.0,170.0,165.0
2023-11-23,160.0,170.0,165.0
2023-11-24,160.0,170.0,165.0
2023-11-25,160.0,170.0,165.0
2023-11-26,160.0,170.0,165.0
2023-11-27,150.0,165.0,157.5
2023-11-28,147.67788186559687,161.32173392262632,154.4998078941116
2023-11-29,150.0,160.0,155.0
2023-11-30,155.0,170.0,162.5
2023-12-01,160.0,170.0,165.0
2023-12-02,160.0,170.0,165.0
2023-12-03,160.0,170.0,165.0
2023-12-04,165.0,170.0,167.5
2023-12-05,165.0,180.0,172.5
2023-12-06,170.0,180.0,175.0
2023-12-07,165.0,180.0,172.5
2023-12-08,170.0,180.0,175.0
2023-12-09,170.0,180.0,175.0
2023-12-10,165.0,180.0,172.5
2023-12-11,170.0,185.0,177.5
2023-12-12,165.0,180.0,172.5
2023-12-13,165.0,180.0,172.5
2023-12-14,165.0,180.0,172.5
2023-12-15,170.0,180.0,175.0
2023-12-16,169.89753631671263,180.34266177016326,175.12009904343796
2023-12-17,170.0,180.0,175.0
2023-12-18,175.0,185.0,180.0
2023-12-19,176.60389541008442,186.53284289383052,181.56836915195748
2023-12-20,175.0,185.0,180.0
2023-12-21,170.0,180.0,175.0
2023-12-22,180.0,190.0,185.0
2023-12-23,180.0,190.0,185.0
2023-12-24,180.0,190.0,185.0
2023-12-25,176.9375220430147,187.23299062649886,182.08525633475676
2023-12-26,175.0,185.0,180.0
2023-12-27,175.0,185.0,180.0
2023-12-28,180.0,190.0,185.0
2023-12-29,180.96148756755704,189.30812979074548,185.13480867915126
2023-12-30,180.0,190.0,185.0
2023-12-31,180.0,190.0,185.0
2024-01-01,180.0,190.0,185.0
2024-01-02,190.0,195.0,192.5
2024-01-03,190.0,195.0,192.5
2024-01-04,190.0,195.0,192.5
2024-01-05,190.0,195.0,192.5
2024-01-06,190.0,195.0,192.5
2024-01-07,190.28438527649922,198.93047382106292,194.60742954878106
2024-01-08,190.0,200.0,195.0
2024-01-09,185.0,195.0,190.0
2024-01-10,185.0,195.0,190.0
2024-01-11,195.0,200.0,197.5
2024-01-12,195.0,200.0,197.5
2024-01-13,195.0,200.0,197.5
2024-01-14,195.0,210.0,202.5
2024-01-15,195.0,210.0,202.5
2024-01-16,195.0,210.0,202.5
2024-01-17,190.0,200.0,195.0
2024-01-18,189.64246941075663,198.2116032980446,193.92703635440063
2024-01-19,190.0,200.0,195.0
2024-01-20,190.0,200.0,195.0
2024-01-21,190.0,200.0,195.0
2024-01-22,189.98432072261934,199.4633929902596,194.72385685643945
2024-01-23,190.0,200.0,195.0
2024-01-24,185.0,195.0,190.0
2024-01-25,185.0,195.0,190.0
2024-01-26,185.0,195.0,190.0
2024-01-27,185.0,195.0,190.0
2024-01-28,185.0,195.0,190.0
2024-01-29,185.0,195.0,190.0
2024-01-30,185.0,200.0,192.5
2024-01-31,185.0,195.0,190.0
2024-02-01,185.0,195.0,190.0
2024-02-02,180.0,195.0,187.5
2024-02-03,185.0,195.0,190.0
2024-02-04,185.0,200.0,192.5
2024-02-05,180.0,200.0,190.0
2024-02-06,180.0,195.0,187.5
2024-02-07,180.0,195.0,187.5
2024-02-08,180.0,195.0,187.5
2024-02-09,185.0,195.0,190.0
2024-02-10,187.05668797240278,197.69440485317233,192.37554641278757
2024-02-11,190.0,200.0,195.0
2024-02-12,190.0,200.0,195.0
2024-02-13,190.0,200.0,195.0
2024-02-14,190.0,200.0,195.0
2024-02-15,190.0,200.0,195.0
2024-02-16,190.0,200.0,195.0
2024-02-17,190.0,200.0,195.0
2024-02-18,190.0,210.0,200.0
2024-02-19,190.0,200.0,195.0
2024-02-20,190.0,200.0,195.0
2024-02-21,191.74953109590356,199.53008803151678,195.63980956371017
2024-02-22,195.0,200.0,197.5
2024-02-23,195.0,200.0,197.5
2024-02-24,195.0,200.0,197.5
2024-02-25,195.0,200.0,197.5
2024-02-26,188.07123572148143,197.26933388951318,192.67028480549732
2024-02-27,185.0,195.0,190.0
2024-02-28,190.0,200.0,195.0
2024-02-29,190.0,200.0,195.0
2024-03-01,190.0,200.0,195.0
2024-03-02,190.0,200.0,195.0
2024-03-03,195.0,200.0,197.5
2024-03-04,195.0,200.0,197.5
2024-03-05,194.76840935507587,200.44769849449943,197.60805392478767
2024-03-06,193.42296662456408,202.25383246310628,197.83839954383518
2024-03-07,195.0,205.0,200.0
2024-03-08,200.0,210.0,205.0
2024-03-09,200.0,210.0,205.0
2024-03-10,210.0,220.0,215.0
2024-03-11,210.0,220.0,215.0
2024-03-12,210.0,220.0,215.0
2024-03-13,210.0,220.0,215.0
2024-03-14,210.0,220.0,215.0
2024-03-15,210.0,220.0,215.0
2024-03-16,210.0,220.0,215.0
2024-03-17,207.16952672999872,216.3425646218132,211.75604567590597
2024-03-18,204.6530422591716,212.4533818283268,208.5532120437492
2024-03-19,200.0,210.0,205.0
2024-03-20,200.0,210.0,205.0
2024-03-21,195.0,200.0,197.5
2024-03-22,200.0,210.0,205.0
2024-03-23,200.0,210.0,205.0
2024-03-24,200.0,210.0,205.0
2024-03-25,200.0,210.0,205.0
2024-03-26,198.95712274819024,208.9503588356932,203.95374079194173
2024-03-27,200.0,210.0,205.0
2024-03-28,200.0,210.0,205.0
2024-03-29,210.0,220.0,215.0
2024-03-30,200.0,210.0,205.0
2024-03-31,200.0,210.0,205.0
2024-04-01,200.0,210.0,205.0
2024-04-02,200.0,210.0,205.0
2024-04-03,205.0065025887801,215.34209178048602,210.17429718463308
2024-04-04,210.0,220.0,215.0
2024-04-05,211.01633610768872,219.6267344968646,215.32153530227666
2024-04-06,210.27106003379723,217.75534404241554,214.01320203810639
2024-04-07,211.25479797995047,219.49785035419404,215.37632416707226
2024-04-08,217.5,230.0,223.75
2024-04-09,230.0,250.0,240.0
2024-04-10,241.08444920769267,265.1090343221148,253.09674176490373
2024-04-11,248.58580613342437,272.70917908925264,260.6474926113385
2024-04-12,252.28536500902794,273.97455946781383,263.1299622384209
2024-04-13,251.97231177503986,270.11708719003633,261.0446994825381
2024-04-14,247.43583237199678,262.34867398815766,254.8922531800772
2024-04-15,238.4651127404353,251.88123159441577,245.17317216742555
2024-04-16,225.0,240.0,232.5
2024-04-17,210.0,230.0,220.0
2024-04-18,210.0,230.0,220.0
2024-04-19,210.0,230.0,220.0
2024-04-20,210.0,220.0,215.0
2024-04-21,200.0,220.0,210.0
2024-04-22,200.0,220.0,210.0
2024-04-23,200.0,220.0,210.0
2024-04-24,200.0,220.0,210.0
2024-04-25,200.0,210.0,205.0
2024-04-26,200.0,210.0,205.0
2024-04-27,195.0,210.0,202.5
2024-04-28,190.0,210.0,200.0
2024-04-29,190.0,200.0,195.0
2024-04-30,180.0,200.0,190.0
2024-05-01,180.62621552352897,199.90955593514775,190.26788572933836
2024-05-02,185.0,200.0,192.5
2024-05-03,190.0,200.0,195.0
2024-05-04,195.0,220.0,207.5
2024-05-05,200.0,220.0,210.0
2024-05-06,200.0,220.0,210.0
2024-05-07,200.0,210.0,205.0
2024-05-08,200.0,210.0,205.0
2024-05-09,200.0,210.0,205.0
2024-05-10,200.0,220.0,210.0
2024-05-11,200.0,220.0,210.0
2024-05-12,200.0,220.0,210.0
2024-05-13,210.0,220.0,215.0
2024-05-14,210.0,220.0,215.0
2024-05-15,208.35721432319565,219.96738426819388,214.16229929569477
2024-05-16,205.0,220.0,212.5
2024-05-17,200.0,220.0,210.0
2024-05-18,210.0,220.0,215.0
2024-05-19,210.0,220.0,215.0
2024-05-20,210.0,220.0,215.0
2024-05-21,210.0,220.0,215.0
2024-05-22,203.9543903125047,219.87003382915117,211.91221207082793
2024-05-23,200.0,220.0,210.0
2024-05-24,200.0,220.0,210.0
2024-05-25,195.0,220.0,207.5
2024-05-26,189.28273706439455,212.59477538309844,200.9387562237465
2024-05-27,190.0,210.0,200.0
2024-05-28,200.0,220.0,210.0
2024-05-29,200.0,220.0,210.0
2024-05-30,200.0,220.0,210.0
2024-05-31,185.0,220.0,202.5
2024-06-01,185.0,220.0,202.5
2024-06-02,185.0,220.0,202.5
2024-06-03,185.0,210.0,197.5
2024-06-04,185.0,210.0,197.5
2024-06-05,175.0,200.0,187.5
2024-06-06,175.0,200.0,187.5
2024-06-07,180.0,200.0,190.0
2024-06-08,180.0,200.0,190.0
2024-06-09,180.05427445388136,197.4644350428161,188.75935474834873
2024-06-10,175.0,190.0,182.5
2024-06-11,175.0,190.0,182.5
2024-06-12,170.0,180.0,175.0
2024-06-13,170.0,180.0,175.0
2024-06-14,180.0,210.0,195.0
2024-06-15,170.0,190.0,180.0
2024-06-16,166.98680755329892,177.19175741754407,172.0892824854215
2024-06-17,168.27597052936275,177.13432622093075,172.70514837514673
2024-06-18,172.8367620898241,183.72533645012953,178.28104926997682
2024-06-19,180.0,190.0,185.0
2024-06-20,180.0,190.0,185.0
2024-06-21,180.26262932189377,186.85899461169848,183.5608119667961
2024-06-22,176.65888977301466,182.6984343194478,179.67866204623124
2024-06-23,170.0,180.0,175.0
2024-06-24,170.0,180.0,175.0
2024-06-25,170.0,180.0,175.0
2024-06-26,170.0,180.0,175.0
2024-06-27,170.0,180.0,175.0
2024-06-28,170.0,180.0,175.0
2024-06-29,170.0,180.0,175.0
2024-06-30,170.0,180.0,175.0
2024-07-01,165.0,180.0,172.5
2024-07-02,165.0,175.0,170.0
2024-07-03,165.0,175.0,170.0
2024-07-04,160.0,175.0,167.5
2024-07-05,160.0,175.0,167.5
2024-07-06,160.0,175.0,167.5
2024-07-07,160.0,165.0,162.5
2024-07-08,160.0,165.0,162.5
2024-07-09,160.0,165.0,162.5
2024-07-10,160.0,165.0,162.5
2024-07-11,165.0,175.0,170.0
2024-07-12,170.0,180.0,175.0
2024-07-13,170.79031697406427,188.61817781155597,179.70424739281012
2024-07-14,170.0,190.0,180.0
2024-07-15,170.0,180.0,175.0
2024-07-16,170.0,180.0,175.0
2024-07-17,174.09898585487414,177.18688759131098,175.64293672309256
2024-07-18,175.8117973584997,176.38144438710432,176.09662087280202
2024-07-19,177.03238284600135,176.06696202327822,176.54967243463977
2024-07-20,177.80198579970957,176.18754986600706,176.99476783285832
2024-07-21,178.16184970195462,176.6873172814652,177.4245834917099
2024-07-22,178.15321803506674,177.510373635827,177.83179583544688
2024-07-23,177.8173342813762,178.6008282952668,178.2090812883215
2024-07-24,177.19544192321345,179.90279062595886,178.54911627458614
2024-07-25,176.3287844429086,181.36036999407762,178.8445772184931
2024-07-26,175.25860532279205,182.91767576579736,179.0881405442947
2024-07-27,174.0261480451941,184.51881730729244,179.27248267624327
2024-07-28,173.33333333333334,185.83333333333334,179.58333333333334
2024-07-29,171.23937294687516,187.62904516430598,179.43420905559057
2024-07-30,169.76754209081474,189.0263502121732,179.39694615149398
2024-07-31,168.29840700659415,190.24392849451309,179.27116775055362
2024-08-01,166.87321117654358,191.22588937749998,179.04955027702178
2024-08-02,165.5331980829934,191.91634222730832,178.72477015515085
2024-08-03,164.31961120827387,192.25939641011234,178.2895038091931
2024-08-04,163.27369403471533,192.19916129208653,177.73642766340095
2024-08-05,162.43669004464806,191.67974623940506,177.05821814202656
2024-08-06,161.8498427204023,190.6452606182424,176.24755166932235
2024-08-07,161.55439554430845,189.03981379477278,175.2971046695406
2024-08-08,161.59159199869674,186.80751513517072,174.19955356693373
2024-08-09,162.00267556589745,183.89247400561038,172.94757478575391
2024-08-10,160.0,180.0,170.0
2024-08-11,166.36363636363637,177.27272727272728,171.8181818181818
2024-08-12,160.0,170.0,165.0
2024-08-13,159.0750395498313,168.78815273679652,163.93159614331393
2024-08-14,158.88463306239393,168.48402510336592,163.6843290828799
2024-08-15,159.40205556328823,169.22134183903705,164.31169870116264
2024-08-16,160.0,170.0,165.0
2024-08-17,160.0,170.0,165.0
2024-08-18,159.30294600052446,169.42506895312874,164.3640074768266
2024-08-19,158.7284261551872,168.8026493758279,163.76553776550756
2024-08-20,156.66666666666666,168.33333333333334,162.5
2024-08-21,160.0,170.0,165.0
2024-08-22,160.0,170.0,165.0
2024-08-23,160.0,175.0,167.5
2024-08-24,160.0,180.0,170.0
2024-08-25,160.0,180.0,170.0
2024-08-26,160.70029023019273,174.82622716892044,167.7632586995566
2024-08-27,160.0,170.0,165.0
2024-08-28,160.0,170.0,165.0
2024-08-29,160.0,175.0,167.5
2024-08-30,160.0,175.0,167.5
2024-08-31,155.0,170.0,162.5
2024-09-01,155.0,170.0,162.5
2024-09-02,155.0,170.0,162.5
2024-09-03,160.0,170.0,165.0
2024-09-04,160.0,170.0,165.0
2024-09-05,165.0,175.0,170.0
2024-09-06,170.0,180.0,175.0
2024-09-07,170.0,180.0,175.0
2024-09-08,165.0,175.0,170.0
2024-09-09,165.0,175.0,170.0
2024-09-10,165.0,175.0,170.0
2024-09-11,165.0,175.0,170.0
2024-09-12,165.0,175.0,170.0
2024-09-13,160.0,175.0,167.5
2024-09-14,170.0,180.0,175.0
2024-09-15,170.0,180.0,175.0
2024-09-16,168.58083348399708,180.8299881724768,174.70541082823695
2024-09-17,170.0,180.0,175.0
2024-09-18,175.0,185.0,180.0
2024-09-19,175.0,185.0,180.0
2024-09-20,175.0,180.0,177.5
2024-09-21,170.0,185.0,177.5
2024-09-22,170.27595426122326,181.42479476285763,175.85037451204045
2024-09-23,170.0,175.0,172.5
2024-09-24,170.0,175.0,172.5
2024-09-25,170.0,180.0,175.0
2024-09-26,170.0,180.0,175.0
2024-09-27,170.0,180.0,175.0
2024-09-28,170.0,180.0,175.0
2024-09-29,175.0,180.0,177.5
2024-09-30,170.0,185.0,177.5
2024-10-01,175.0,185.0,180.0
2024-10-02,180.0,190.0,185.0
2024-10-03,180.0,190.0,185.0
2024-10-04,175.0,190.0,182.5
2024-10-05,190.0,200.0,195.0
2024-10-06,190.0,200.0,195.0
2024-10-07,190.0,200.0,195.0
2024-10-08,190.0,200.0,195.0
2024-10-09,190.0,210.0,200.0
2024-10-10,187.72423981479398,204.6574916453949,196.19086573009446
2024-10-11,185.0,200.0,192.5
2024-10-12,190.0,210.0,200.0
2024-10-13,189.64938901828484,212.56957435206627,201.10948168517555
2024-10-14,190.0,210.0,200.0
2024-10-15,190.6223409548505,209.2783355609679,199.9503382579092
2024-10-16,190.0,210.0,200.0
2024-10-17,190.0,210.0,200.0
2024-10-18,190.18931219474038,210.14150331028716,200.16540775251377
2024-10-19,190.82186962844662,209.95355501345128,200.38771232094894
2024-10-20,191.66666666666666,210.0,200.83333333333331
2024-10-21,190.0,210.0,200.0
2024-10-22,190.0,210.0,200.0
2024-10-23,190.0,210.0,200.0
2024-10-24,185.0,200.0,192.5
2024-10-25,185.0,210.0,197.5
2024-10-26,185.0,210.0,197.5
2024-10-27,185.0,200.0,192.5
2024-10-28,185.0,200.0,192.5
2024-10-29,185.0,210.0,197.5
2024-10-30,185.0,210.0,197.5
2024-10-31,180.0,200.0,190.0
2024-11-01,178.7965588831019,201.51394387590568,190.1552513795038
2024-11-02,180.0,210.0,195.0
2024-11-03,186.54593426952985,215.822206529008,201.18407039926893
2024-11-04,191.43659865834724,216.12152780788563,203.77906323311643
2024-11-05,190.0,210.0,200.0
2024-11-06,180.0,200.0,190.0
2024-11-07,185.0,205.0,195.0
2024-11-08,186.14050960194268,206.25094963483036,196.1957296183865
2024-11-09,184.20914412599862,204.18308579206172,194.19611495903018
2024-11-10,180.0,200.0,190.0
2024-11-11,180.0,200.0,190.0
2024-11-12,180.0,200.0,190.0
2024-11-13,180.0,200.0,190.0
2024-11-14,175.0,200.0,187.5
2024-11-15,176.81696505863272,200.24674270751592,188.53185388307432
2024-11-16,176.53432733090102,200.33324473819852,188.43378603454977
2024-11-17,178.33333333333334,200.0,189.16666666666669
2024-11-18,180.0,200.0,190.0
2024-11-19,180.0,200.0,190.0
2024-11-20,180.0,200.0,190.0
2024-11-21,180.0,200.0,190.0
2024-11-22,180.0,200.0,190.0
2024-11-23,180.0,200.0,190.0
2024-11-24,180.0,200.0,190.0
2024-11-25,180.0,200.0,190.0
2024-11-26,175.0,200.0,187.5
2024-11-27,175.0,200.0,187.5
2024-11-28,175.0,200.0,187.5
2024-11-29,175.0,200.0,187.5
2024-11-30,175.0,200.0,187.5
2024-12-01,175.0,200.0,187.5
2024-12-02,175.0,200.0,187.5
2024-12-03,175.0,200.0,187.5
2024-12-04,175.0,200.0,187.5
2024-12-05,175.0,200.0,187.5
2024-12-06,175.0,200.0,187.5
2024-12-07,175.0,200.0,187.5
2024-12-08,175.0,200.0,187.5
2024-12-09,175.0,200.0,187.5
2024-12-10,175.0,200.0,187.5
2024-12-11,175.0,200.0,187.5
2024-12-12,175.0,200.0,187.5
2024-12-13,174.69119613532013,200.1955676241746,187.44338187974736
2024-12-14,173.9914685073658,200.4552888978863,187.22337870262606
2024-12-15,173.33333333333334,200.0,186.66666666666669
2024-12-16,171.98901659137928,200.7630839546999,186.3760502730396
2024-12-17,170.0,200.0,185.0
2024-12-18,170.0,200.0,185.0
2024-12-19,170.0,200.0,185.0
2024-12-20,170.0,200.0,185.0
2024-12-21,182.9160727353856,198.1859098705052,190.55099130294542
2024-12-22,190.0,200.0,195.0
2024-12-23,180.0,200.0,190.0
2024-12-24,185.0,210.0,197.5
2024-12-25,186.62302157560188,210.38135783951248,198.5021897075572
2024-12-26,185.0,210.0,197.5
2024-12-27,190.0,210.0,200.0
2024-12-28,190.0,210.0,200.0
2024-12-29,190.13719245027352,212.6770095005815,201.4071009754275
2024-12-30,187.5,215.0,201.25
2024-12-31,190.0,220.0,205.0
2025-01-01,190.0,220.0,205.0
2025-01-02,190.0,220.0,205.0
2025-01-03,200.0,220.0,210.0
2025-01-04,200.0,220.0,210.0
2025-01-05,195.0,215.0,205.0
2025-01-06,190.0,210.0,200.0
2025-01-07,190.0,210.0,200.0
2025-01-08,190.0,220.0,205.0
2025-01-09,190.0,220.0,205.0
2025-01-10,200.0,210.0,205.0
2025-01-11,199.2792588596002,207.9562056484089,203.61773225400455
2025-01-12,190.0,210.0,200.0
2025-01-13,180.0,210.0,195.0
2025-01-14,180.0,210.0,195.0
2025-01-15,180.0,210.0,195.0
2025-01-16,180.0,210.0,195.0
2025-01-17,189.62797183354857,209.88519319893948,199.756582516244
2025-01-18,200.0,210.0,205.0
2025-01-19,200.0,210.0,205.0
2025-01-20,190.0,210.0,200.0
2025-01-21,190.0,210.0,200.0
2025-01-22,190.0,210.0,200.0
2025-01-23,190.0,210.0,200.0
2025-01-24,190.0,210.0,200.0
2025-01-25,200.0,210.0,205.0
2025-01-26,190.0,210.0,200.0
2025-01-27,190.0,210.0,200.0
2025-01-28,180.0,210.0,195.0
2025-01-29,180.0,210.0,195.0
2025-01-30,180.0,210.0,195.0
2025-01-31,190.0,210.0,200.0
2025-02-01,190.0,210.0,200.0
2025-02-02,190.0,210.0,200.0
2025-02-03,180.0,210.0,195.0
2025-02-04,180.0,210.0,195.0
2025-02-05,190.0,210.0,200.0
2025-02-06,180.0,210.0,195.0
2025-02-07,180.0,210.0,195.0
2025-02-08,190.0,220.0,205.0
2025-02-09,180.0,210.0,195.0
2025-02-10,180.0,210.0,195.0
2025-02-11,180.0,210.0,195.0
2025-02-12,190.0,210.0,200.0
2025-02-13,190.0,210.0,200.0
2025-02-14,190.0,220.0,205.0
2025-02-15,190.01930756193008,221.61464447640043,205.81697601916525
2025-02-16,190.0,220.0,205.0
2025-02-17,189.79349067572403,219.04263301543253,204.41806184557828
2025-02-18,190.0,220.0,205.0
2025-02-19,190.0,220.0,205.0
2025-02-20,190.0,200.0,195.0
2025-02-21,190.04378667930334,200.23441196917688,195.1390993242401
2025-02-22,190.0,210.0,200.0
2025-02-23,190.0,210.0,200.0
2025-02-24,190.0,210.0,200.0
2025-02-25,190.0,210.0,200.0
2025-02-26,190.0,210.0,200.0
2025-02-27,190.0,210.0,200.0
2025-02-28,200.0,210.0,205.0
2025-03-01,200.0,210.0,205.0
2025-03-02,190.0,210.0,200.0
2025-03-03,165.0,210.0,187.5
2025-03-04,175.0,210.0,192.5
2025-03-05,190.0,210.0,200.0
2025-03-06,190.0,210.0,200.0
2025-03-07,190.0,210.0,200.0
2025-03-08,190.0,210.0,200.0
2025-03-09,185.0,210.0,197.5
2025-03-10,180.0,210.0,195.0
2025-03-11,180.0,210.0,195.0
2025-03-12,180.0,210.0,195.0
2025-03-13,180.0,210.0,195.0
2025-03-14,190.0,210.0,200.0
2025-03-15,200.0,210.0,205.0
2025-03-16,180.0,210.0,195.0
2025-03-17,180.0,210.0,195.0
2025-03-18,180.0,210.0,195.0
2025-03-19,190.0,210.0,200.0
2025-03-20,196.2641518940999,214.23907753023994,205.25161471216992
2025-03-21,199.50841742323746,217.87143975833374,208.6899285907856
2025-03-22,200.0,220.0,210.0
2025-03-23,200.0,220.0,210.0
2025-03-24,197.5,217.5,207.5
2025-03-25,200.0,230.0,215.0
2025-03-26,199.0950368054663,233.357120639186,216.22607872232615
2025-03-27,200.0,230.0,215.0
2025-03-28,202.54643035795993,226.46666881030055,214.50654958413025
2025-03-29,205.00906616281011,223.78279874741307,214.3959324551116
2025-03-30,207.45039843067593,221.89200115812287,214.6711997943994
2025-03-31,209.4700213167412,220.66502360476449,215.06752246075285
2025-04-01,210.66752897618954,219.97261364967255,215.32007131293105
2025-04-02,210.64251556420487,219.6855188551819,215.16401720969338
2025-04-03,208.99457523597084,219.67448678362697,214.33453100979892
2025-04-04,205.32330214667127,219.81026499734241,212.56678357200684
2025-04-05,200.0,220.0,210.0
2025-04-06,190.0,220.0,205.0
2025-04-07,190.0,220.0,205.0
2025-04-08,190.0,220.0,205.0
2025-04-09,190.0,220.0,205.0
2025-04-10,190.0,210.0,200.0
2025-04-11,190.0,220.0,205.0
2025-04-12,185.0,220.0,202.5
2025-04-13,190.0,210.0,200.0
2025-04-14,186.88513211996715,207.94905167949486,197.41709189973102
2025-04-15,180.0,210.0,195.0
2025-04-16,180.0,210.0,195.0
2025-04-17,180.0,210.0,195.0
2025-04-18,180.0,205.0,192.5
2025-04-19,180.0,205.0,192.5
2025-04-20,160.0,205.0,182.5
2025-04-21,180.0,205.0,192.5
2025-04-22,180.0,200.0,190.0
2025-04-23,170.0,190.0,180.0
2025-04-24,170.0,205.0,187.5
2025-04-25,160.0,200.0,180.0
2025-04-26,160.0,200.0,180.0
2025-04-27,160.0,205.0,182.5
2025-04-28,170.0,200.0,185.0
2025-04-29,170.0,200.0,185.0
2025-04-30,170.0,200.0,185.0
2025-05-01,174.82721930920016,199.2735563156483,187.05038781242422
2025-05-02,180.0,200.0,190.0
2025-05-03,180.0,200.0,190.0
2025-05-04,170.0,205.0,187.5
2025-05-05,170.0,205.0,187.5
2025-05-06,170.0,205.0,187.5
2025-05-07,180.0,200.0,190.0
2025-05-08,180.0,200.0,190.0
2025-05-09,180.0,200.0,190.0
2025-05-10,180.0,200.0,190.0
2025-05-11,169.26583209156223,199.64002406659625,184.45292807907924
2025-05-12,160.0,200.0,180.0
2025-05-13,160.0,200.0,180.0
2025-05-14,160.0,200.0,180.0
2025-05-15,160.0,200.0,180.0
2025-05-16,160.0,195.0,177.5
2025-05-17,160.0,200.0,180.0
2025-05-18,160.0,200.0,180.0
2025-05-19,160.0,200.0,180.0
2025-05-20,160.0,200.0,180.0
2025-05-21,160.0,200.0,180.0
2025-05-22,160.0,200.0,180.0
2025-05-23,160.0,180.0,170.0
2025-05-24,160.0,190.0,175.0
2025-05-25,160.0,180.0,170.0
2025-05-26,160.0,180.0,170.0
2025-05-27,160.0,190.0,175.0
2025-05-28,155.0,190.0,172.5
2025-05-29,155.0,190.0,172.5
2025-05-30,160.0,190.0,175.0
